[
  {
    "Unnamed: 0": "",
    "Unnamed: 1": "COTIZADOR EQUIPOS MÓVILES",
    "Unnamed: 2": "",
    "Unnamed: 3": "INSTRUCCIONES",
    "Unnamed: 4": "",
    "Unnamed: 5": "",
    "Unnamed: 6": "",
    "Unnamed: 7": "",
    "Unnamed: 8": "",
    "Unnamed: 9": "",
    "Unnamed: 10": "",
    "Unnamed: 11": "",
    "Unnamed: 12": "",
    "Unnamed: 13": "",
    "Unnamed: 14": "",
    "Unnamed: 15": ""
  },
  {
    "Unnamed: 0": "",
    "Unnamed: 1": "TASA DE INTERÉS:",
    "Unnamed: 2": 16.21,
    "Unnamed: 3": "Nueva tasa de interés 2025 BCE",
    "Unnamed: 4": "",
    "Unnamed: 5": "",
    "Unnamed: 6": "",
    "Unnamed: 7": "",
    "Unnamed: 8": "",
    "Unnamed: 9": "",
    "Unnamed: 10": "",
    "Unnamed: 11": "",
    "Unnamed: 12": "",
    "Unnamed: 13": "",
    "Unnamed: 14": "TIPO DE CLIENTE",
    "Unnamed: 15": "MASIVO"
  },
  {
    "Unnamed: 0": "",
    "Unnamed: 1": "INTERÉS MENSUAL",
    "Unnamed: 2": 0.012597750899983051,
    "Unnamed: 3": "",
    "Unnamed: 4": "",
    "Unnamed: 5": "",
    "Unnamed: 6": "",
    "Unnamed: 7": "",
    "Unnamed: 8": "",
    "Unnamed: 9": "",
    "Unnamed: 10": "",
    "Unnamed: 11": "",
    "Unnamed: 12": "",
    "Unnamed: 13": "",
    "Unnamed: 14": "",
    "Unnamed: 15": "CORPORATIVO"
  },
  {
    "Unnamed: 0": "",
    "Unnamed: 1": "VALOR DEL IVA:",
    "Unnamed: 2": 0.15,
    "Unnamed: 3": "",
    "Unnamed: 4": "",
    "Unnamed: 5": "",
    "Unnamed: 6": "",
    "Unnamed: 7": "",
    "Unnamed: 8": "",
    "Unnamed: 9": "",
    "Unnamed: 10": "",
    "Unnamed: 11": "",
    "Unnamed: 12": "",
    "Unnamed: 13": "",
    "Unnamed: 14": "",
    "Unnamed: 15": ""
  },
  {
    "Unnamed: 0": "",
    "Unnamed: 1": "TIPO DE CLIENTE:",
    "Unnamed: 2": "MASIVO",
    "Unnamed: 3": "*Escoge si tu cliente es Masivo o Corporativo",
    "Unnamed: 4": "",
    "Unnamed: 5": "",
    "Unnamed: 6": "",
    "Unnamed: 7": "",
    "Unnamed: 8": "",
    "Unnamed: 9": "",
    "Unnamed: 10": "",
    "Unnamed: 11": "",
    "Unnamed: 12": "",
    "Unnamed: 13": "",
    "Unnamed: 14": "TIPO DE VENTA",
    "Unnamed: 15": "DIFERIDO CNT"
  },
  {
    "Unnamed: 0": "",
    "Unnamed: 1": "TIPO DE VENTA",
    "Unnamed: 2": "DIFERIDO CNT",
    "Unnamed: 3": "*Escoge Diferido CNT o Rol de Pagos",
    "Unnamed: 4": "",
    "Unnamed: 5": "",
    "Unnamed: 6": "",
    "Unnamed: 7": "",
    "Unnamed: 8": "",
    "Unnamed: 9": "",
    "Unnamed: 10": "",
    "Unnamed: 11": "",
    "Unnamed: 12": "",
    "Unnamed: 13": "",
    "Unnamed: 14": "",
    "Unnamed: 15": "ROL DE PAGOS"
  },
  {
    "Unnamed: 0": "",
    "Unnamed: 1": "EQUIPO:",
    "Unnamed: 2": "INFINIX SMART 8 (X6525)",
    "Unnamed: 3": "*Escoge el modelo de equipo a vender",
    "Unnamed: 4": "",
    "Unnamed: 5": "",
    "Unnamed: 6": "",
    "Unnamed: 7": "",
    "Unnamed: 8": "",
    "Unnamed: 9": "",
    "Unnamed: 10": "",
    "Unnamed: 11": "",
    "Unnamed: 12": "",
    "Unnamed: 13": "",
    "Unnamed: 14": "",
    "Unnamed: 15": ""
  },
  {
    "Unnamed: 0": "",
    "Unnamed: 1": "CÓDIGO SMARTFLEX:",
    "Unnamed: 2": 3282,
    "Unnamed: 3": "",
    "Unnamed: 4": "",
    "Unnamed: 5": "",
    "Unnamed: 6": "",
    "Unnamed: 7": "",
    "Unnamed: 8": "",
    "Unnamed: 9": "",
    "Unnamed: 10": "",
    "Unnamed: 11": "",
    "Unnamed: 12": "",
    "Unnamed: 13": "",
    "Unnamed: 14": "",
    "Unnamed: 15": ""
  },
  {
    "Unnamed: 0": "",
    "Unnamed: 1": "PRECIO DEL EQUIPO SIN IVA",
    "Unnamed: 2": 97.71300000000001,
    "Unnamed: 3": "",
    "Unnamed: 4": "",
    "Unnamed: 5": "",
    "Unnamed: 6": "",
    "Unnamed: 7": "",
    "Unnamed: 8": "",
    "Unnamed: 9": "",
    "Unnamed: 10": "",
    "Unnamed: 11": "",
    "Unnamed: 12": "",
    "Unnamed: 13": "",
    "Unnamed: 14": "",
    "Unnamed: 15": ""
  },
  {
    "Unnamed: 0": "",
    "Unnamed: 1": "IMPUESTO AL VALOR AGREGADO",
    "Unnamed: 2": 14.65695,
    "Unnamed: 3": "",
    "Unnamed: 4": "",
    "Unnamed: 5": "",
    "Unnamed: 6": "",
    "Unnamed: 7": "",
    "Unnamed: 8": "",
    "Unnamed: 9": "",
    "Unnamed: 10": "",
    "Unnamed: 11": "",
    "Unnamed: 12": "",
    "Unnamed: 13": "",
    "Unnamed: 14": "PLAZO (MESES)",
    "Unnamed: 15": 3
  },
  {
    "Unnamed: 0": "",
    "Unnamed: 1": "PRECIO INCL. IVA",
    "Unnamed: 2": 112.36995,
    "Unnamed: 3": "",
    "Unnamed: 4": "",
    "Unnamed: 5": "",
    "Unnamed: 6": "",
    "Unnamed: 7": "",
    "Unnamed: 8": "",
    "Unnamed: 9": "",
    "Unnamed: 10": "",
    "Unnamed: 11": "",
    "Unnamed: 12": "",
    "Unnamed: 13": "",
    "Unnamed: 14": "",
    "Unnamed: 15": 6
  },
  {
    "Unnamed: 0": "",
    "Unnamed: 1": "(-) ABONO",
    "Unnamed: 2": 0,
    "Unnamed: 3": "* Coloca el abono o cuota inicial que cancela el cliente",
    "Unnamed: 4": "",
    "Unnamed: 5": "",
    "Unnamed: 6": "",
    "Unnamed: 7": "",
    "Unnamed: 8": "",
    "Unnamed: 9": "",
    "Unnamed: 10": "",
    "Unnamed: 11": "",
    "Unnamed: 12": "",
    "Unnamed: 13": "",
    "Unnamed: 14": "",
    "Unnamed: 15": 9
  },
  {
    "Unnamed: 0": "",
    "Unnamed: 1": "(-) CBM CORP.",
    "Unnamed: 2": 0,
    "Unnamed: 3": "",
    "Unnamed: 4": "",
    "Unnamed: 5": "",
    "Unnamed: 6": "",
    "Unnamed: 7": "",
    "Unnamed: 8": "",
    "Unnamed: 9": "",
    "Unnamed: 10": "",
    "Unnamed: 11": "",
    "Unnamed: 12": "",
    "Unnamed: 13": "",
    "Unnamed: 14": "",
    "Unnamed: 15": 12
  },
  {
    "Unnamed: 0": "",
    "Unnamed: 1": "PRECIO EQUIPO + IVA - ABONO - CBM",
    "Unnamed: 2": 112.36995,
    "Unnamed: 3": "",
    "Unnamed: 4": "",
    "Unnamed: 5": "",
    "Unnamed: 6": "",
    "Unnamed: 7": "",
    "Unnamed: 8": "",
    "Unnamed: 9": "",
    "Unnamed: 10": "",
    "Unnamed: 11": "",
    "Unnamed: 12": "",
    "Unnamed: 13": "",
    "Unnamed: 14": "",
    "Unnamed: 15": 15
  },
  {
    "Unnamed: 0": "",
    "Unnamed: 1": "PLAN:",
    "Unnamed: 2": "Plan Portabilidad ($12,99 + imp)",
    "Unnamed: 3": "* Escoge el Plan Masivo / Rol / Corp.",
    "Unnamed: 4": "",
    "Unnamed: 5": "",
    "Unnamed: 6": "",
    "Unnamed: 7": "",
    "Unnamed: 8": "",
    "Unnamed: 9": "",
    "Unnamed: 10": "",
    "Unnamed: 11": "",
    "Unnamed: 12": "",
    "Unnamed: 13": "",
    "Unnamed: 14": "",
    "Unnamed: 15": 18
  },
  {
    "Unnamed: 0": "",
    "Unnamed: 1": "VALOR DEL PLAN:",
    "Unnamed: 2": 12.99,
    "Unnamed: 3": "",
    "Unnamed: 4": "",
    "Unnamed: 5": "",
    "Unnamed: 6": "",
    "Unnamed: 7": "",
    "Unnamed: 8": "",
    "Unnamed: 9": "",
    "Unnamed: 10": "",
    "Unnamed: 11": "",
    "Unnamed: 12": "",
    "Unnamed: 13": "",
    "Unnamed: 14": "",
    "Unnamed: 15": 24
  },
  {
    "Unnamed: 0": "",
    "Unnamed: 1": "CBM:",
    "Unnamed: 2": 0,
    "Unnamed: 3": "",
    "Unnamed: 4": "",
    "Unnamed: 5": "",
    "Unnamed: 6": "",
    "Unnamed: 7": "",
    "Unnamed: 8": "",
    "Unnamed: 9": "",
    "Unnamed: 10": "",
    "Unnamed: 11": "",
    "Unnamed: 12": "",
    "Unnamed: 13": "",
    "Unnamed: 14": "",
    "Unnamed: 15": ""
  },
  {
    "Unnamed: 0": "",
    "Unnamed: 1": "PLAZO:",
    "Unnamed: 2": 24,
    "Unnamed: 3": "* Escoge el tiempo a diferir",
    "Unnamed: 4": "",
    "Unnamed: 5": "",
    "Unnamed: 6": "",
    "Unnamed: 7": "",
    "Unnamed: 8": "",
    "Unnamed: 9": "",
    "Unnamed: 10": "",
    "Unnamed: 11": "",
    "Unnamed: 12": "",
    "Unnamed: 13": "",
    "Unnamed: 14": "",
    "Unnamed: 15": ""
  },
  {
    "Unnamed: 0": "",
    "Unnamed: 1": "CUOTA MENSUAL DEL EQUIPO (SIN IVA)",
    "Unnamed: 2": 4.747826086956522,
    "Unnamed: 3": "",
    "Unnamed: 4": "",
    "Unnamed: 5": "",
    "Unnamed: 6": "",
    "Unnamed: 7": "",
    "Unnamed: 8": "",
    "Unnamed: 9": "",
    "Unnamed: 10": "",
    "Unnamed: 11": "",
    "Unnamed: 12": "",
    "Unnamed: 13": "",
    "Unnamed: 14": "",
    "Unnamed: 15": ""
  },
  {
    "Unnamed: 0": "",
    "Unnamed: 1": "CUOTA MENSUAL EQUIPO+PLAN (SIN IVA)",
    "Unnamed: 2": 17.737826086956524,
    "Unnamed: 3": "",
    "Unnamed: 4": "",
    "Unnamed: 5": "",
    "Unnamed: 6": "",
    "Unnamed: 7": "",
    "Unnamed: 8": "",
    "Unnamed: 9": "",
    "Unnamed: 10": "",
    "Unnamed: 11": "",
    "Unnamed: 12": "",
    "Unnamed: 13": "",
    "Unnamed: 14": "",
    "Unnamed: 15": ""
  },
  {
    "Unnamed: 0": "",
    "Unnamed: 1": "CUOTA MENSUAL DEL EQUIPO (INCL. IVA)",
    "Unnamed: 2": 5.46,
    "Unnamed: 3": "",
    "Unnamed: 4": "",
    "Unnamed: 5": "",
    "Unnamed: 6": "",
    "Unnamed: 7": "",
    "Unnamed: 8": "",
    "Unnamed: 9": "",
    "Unnamed: 10": "",
    "Unnamed: 11": "",
    "Unnamed: 12": "",
    "Unnamed: 13": "",
    "Unnamed: 14": "",
    "Unnamed: 15": ""
  },
  {
    "Unnamed: 0": "",
    "Unnamed: 1": "CUOTA MENSUAL EQUIPO+PLAN (INCL. IVA)",
    "Unnamed: 2": 20.3985,
    "Unnamed: 3": "",
    "Unnamed: 4": "",
    "Unnamed: 5": "",
    "Unnamed: 6": "",
    "Unnamed: 7": "",
    "Unnamed: 8": "",
    "Unnamed: 9": "",
    "Unnamed: 10": "",
    "Unnamed: 11": "",
    "Unnamed: 12": "",
    "Unnamed: 13": "",
    "Unnamed: 14": "",
    "Unnamed: 15": ""
  },
  {
    "Unnamed: 0": "",
    "Unnamed: 1": "VALOR TOTAL DIFERIDO INGRESAR A FRDI",
    "Unnamed: 2": 131.04,
    "Unnamed: 3": "",
    "Unnamed: 4": "",
    "Unnamed: 5": "",
    "Unnamed: 6": "",
    "Unnamed: 7": "",
    "Unnamed: 8": "",
    "Unnamed: 9": "",
    "Unnamed: 10": "",
    "Unnamed: 11": "",
    "Unnamed: 12": "",
    "Unnamed: 13": "",
    "Unnamed: 14": "",
    "Unnamed: 15": ""
  },
  {
    "Unnamed: 0": "",
    "Unnamed: 1": "* El cotizador es una herramienta creada manualmente, por lo que de presentar diferencias con el OPEN SMARTFLEX, por favor informar a COM JEFATURA DE TERMINALES, antes de facturar.",
    "Unnamed: 2": "",
    "Unnamed: 3": "",
    "Unnamed: 4": "",
    "Unnamed: 5": "",
    "Unnamed: 6": "",
    "Unnamed: 7": "",
    "Unnamed: 8": "",
    "Unnamed: 9": "",
    "Unnamed: 10": "",
    "Unnamed: 11": "",
    "Unnamed: 12": "",
    "Unnamed: 13": "",
    "Unnamed: 14": "",
    "Unnamed: 15": ""
  }
]