[
  {
    "EQUIPO": "ALCATEL OT 990",
    "PLAN": "MULTIPLANES PERSONAS CONTROLADO HSPS PLUS  de 9,99",
    "COINCIDIR": "ALCATEL OT 990MULTIPLANES PERSONAS CONTROLADO HSPS PLUS  de 9,99"
  },
  {
    "EQUIPO": "ALCATEL OT 995 ",
    "PLAN": "MULTIPLANES PERSONAS CONTROLADO HSPS PLUS  de 9,99",
    "COINCIDIR": "ALCATEL OT 995 MULTIPLANES PERSONAS CONTROLADO HSPS PLUS  de 9,99"
  },
  {
    "EQUIPO": "BLACKBERRY 9100",
    "PLAN": "MULTIPLANES PERSONAS CONTROLADO HSPS PLUS  de 9,99",
    "COINCIDIR": "BLACKBERRY 9100MULTIPLANES PERSONAS CONTROLADO HSPS PLUS  de 9,99"
  },
  {
    "EQUIPO": "BLACKBERRY 9300",
    "PLAN": "MULTIPLANES PERSONAS CONTROLADO HSPS PLUS  de 9,99",
    "COINCIDIR": "BLACKBERRY 9300MULTIPLANES PERSONAS CONTROLADO HSPS PLUS  de 9,99"
  },
  {
    "EQUIPO": "BLACKBERRY 9320",
    "PLAN": "MULTIPLANES PERSONAS CONTROLADO HSPS PLUS  de 9,99",
    "COINCIDIR": "BLACKBERRY 9320MULTIPLANES PERSONAS CONTROLADO HSPS PLUS  de 9,99"
  },
  {
    "EQUIPO": "BLACKBERRY 9360",
    "PLAN": "MULTIPLANES PERSONAS CONTROLADO HSPS PLUS  de 9,99",
    "COINCIDIR": "BLACKBERRY 9360MULTIPLANES PERSONAS CONTROLADO HSPS PLUS  de 9,99"
  },
  {
    "EQUIPO": "BLACKBERRY 9380",
    "PLAN": "MULTIPLANES PERSONAS CONTROLADO HSPS PLUS  de 9,99",
    "COINCIDIR": "BLACKBERRY 9380MULTIPLANES PERSONAS CONTROLADO HSPS PLUS  de 9,99"
  },
  {
    "EQUIPO": "BLACKBERRY 9780",
    "PLAN": "MULTIPLANES PERSONAS CONTROLADO HSPS PLUS  de 9,99",
    "COINCIDIR": "BLACKBERRY 9780MULTIPLANES PERSONAS CONTROLADO HSPS PLUS  de 9,99"
  },
  {
    "EQUIPO": "BLACKBERRY 9790",
    "PLAN": "MULTIPLANES PERSONAS CONTROLADO HSPS PLUS  de 9,99",
    "COINCIDIR": "BLACKBERRY 9790MULTIPLANES PERSONAS CONTROLADO HSPS PLUS  de 9,99"
  },
  {
    "EQUIPO": "BLACKBERRY 9800 TORCH",
    "PLAN": "MULTIPLANES PERSONAS CONTROLADO HSPS PLUS  de 9,99",
    "COINCIDIR": "BLACKBERRY 9800 TORCHMULTIPLANES PERSONAS CONTROLADO HSPS PLUS  de 9,99"
  },
  {
    "EQUIPO": "BLACKBERRY 9810",
    "PLAN": "MULTIPLANES PERSONAS CONTROLADO HSPS PLUS  de 9,99",
    "COINCIDIR": "BLACKBERRY 9810MULTIPLANES PERSONAS CONTROLADO HSPS PLUS  de 9,99"
  },
  {
    "EQUIPO": "BLACKBERRY 9860",
    "PLAN": "MULTIPLANES PERSONAS CONTROLADO HSPS PLUS  de 9,99",
    "COINCIDIR": "BLACKBERRY 9860MULTIPLANES PERSONAS CONTROLADO HSPS PLUS  de 9,99"
  },
  {
    "EQUIPO": "BLACKBERRY 9900",
    "PLAN": "MULTIPLANES PERSONAS CONTROLADO HSPS PLUS  de 9,99",
    "COINCIDIR": "BLACKBERRY 9900MULTIPLANES PERSONAS CONTROLADO HSPS PLUS  de 9,99"
  },
  {
    "EQUIPO": "HTC INCREDIBLE S",
    "PLAN": "MULTIPLANES PERSONAS CONTROLADO HSPS PLUS  de 9,99",
    "COINCIDIR": "HTC INCREDIBLE SMULTIPLANES PERSONAS CONTROLADO HSPS PLUS  de 9,99"
  },
  {
    "EQUIPO": "HTC STATUS",
    "PLAN": "MULTIPLANES PERSONAS CONTROLADO HSPS PLUS  de 9,99",
    "COINCIDIR": "HTC STATUSMULTIPLANES PERSONAS CONTROLADO HSPS PLUS  de 9,99"
  },
  {
    "EQUIPO": "HUAWEI DISCOVERY D51",
    "PLAN": "MULTIPLANES PERSONAS CONTROLADO HSPS PLUS  de 9,99",
    "COINCIDIR": "HUAWEI DISCOVERY D51MULTIPLANES PERSONAS CONTROLADO HSPS PLUS  de 9,99"
  },
  {
    "EQUIPO": "HUAWEI IDEOS U8150",
    "PLAN": "MULTIPLANES PERSONAS CONTROLADO HSPS PLUS  de 9,99",
    "COINCIDIR": "HUAWEI IDEOS U8150MULTIPLANES PERSONAS CONTROLADO HSPS PLUS  de 9,99"
  },
  {
    "EQUIPO": "HUAWEI U2800",
    "PLAN": "MULTIPLANES PERSONAS CONTROLADO HSPS PLUS  de 9,99",
    "COINCIDIR": "HUAWEI U2800MULTIPLANES PERSONAS CONTROLADO HSPS PLUS  de 9,99"
  },
  {
    "EQUIPO": "NOKIA 300",
    "PLAN": "MULTIPLANES PERSONAS CONTROLADO HSPS PLUS  de 9,99",
    "COINCIDIR": "NOKIA 300MULTIPLANES PERSONAS CONTROLADO HSPS PLUS  de 9,99"
  },
  {
    "EQUIPO": "NOKIA 303",
    "PLAN": "MULTIPLANES PERSONAS CONTROLADO HSPS PLUS  de 9,99",
    "COINCIDIR": "NOKIA 303MULTIPLANES PERSONAS CONTROLADO HSPS PLUS  de 9,99"
  },
  {
    "EQUIPO": "NOKIA 500",
    "PLAN": "MULTIPLANES PERSONAS CONTROLADO HSPS PLUS  de 9,99",
    "COINCIDIR": "NOKIA 500MULTIPLANES PERSONAS CONTROLADO HSPS PLUS  de 9,99"
  },
  {
    "EQUIPO": "NOKIA 7230",
    "PLAN": "MULTIPLANES PERSONAS CONTROLADO HSPS PLUS  de 9,99",
    "COINCIDIR": "NOKIA 7230MULTIPLANES PERSONAS CONTROLADO HSPS PLUS  de 9,99"
  },
  {
    "EQUIPO": "Nokia ASHA 302 ",
    "PLAN": "MULTIPLANES PERSONAS CONTROLADO HSPS PLUS  de 9,99",
    "COINCIDIR": "Nokia ASHA 302 MULTIPLANES PERSONAS CONTROLADO HSPS PLUS  de 9,99"
  },
  {
    "EQUIPO": "Nokia ASHA 311",
    "PLAN": "MULTIPLANES PERSONAS CONTROLADO HSPS PLUS  de 9,99",
    "COINCIDIR": "Nokia ASHA 311MULTIPLANES PERSONAS CONTROLADO HSPS PLUS  de 9,99"
  },
  {
    "EQUIPO": "NOKIA C2-01",
    "PLAN": "MULTIPLANES PERSONAS CONTROLADO HSPS PLUS  de 9,99",
    "COINCIDIR": "NOKIA C2-01MULTIPLANES PERSONAS CONTROLADO HSPS PLUS  de 9,99"
  },
  {
    "EQUIPO": "NOKIA C5-03",
    "PLAN": "MULTIPLANES PERSONAS CONTROLADO HSPS PLUS  de 9,99",
    "COINCIDIR": "NOKIA C5-03MULTIPLANES PERSONAS CONTROLADO HSPS PLUS  de 9,99"
  },
  {
    "EQUIPO": "NOKIA E6-00",
    "PLAN": "MULTIPLANES PERSONAS CONTROLADO HSPS PLUS  de 9,99",
    "COINCIDIR": "NOKIA E6-00MULTIPLANES PERSONAS CONTROLADO HSPS PLUS  de 9,99"
  },
  {
    "EQUIPO": "Nokia Lumia 510 ",
    "PLAN": "MULTIPLANES PERSONAS CONTROLADO HSPS PLUS  de 9,99",
    "COINCIDIR": "Nokia Lumia 510 MULTIPLANES PERSONAS CONTROLADO HSPS PLUS  de 9,99"
  },
  {
    "EQUIPO": "NOKIA LUMIA 610",
    "PLAN": "MULTIPLANES PERSONAS CONTROLADO HSPS PLUS  de 9,99",
    "COINCIDIR": "NOKIA LUMIA 610MULTIPLANES PERSONAS CONTROLADO HSPS PLUS  de 9,99"
  },
  {
    "EQUIPO": "Nokia Lumia 800",
    "PLAN": "MULTIPLANES PERSONAS CONTROLADO HSPS PLUS  de 9,99",
    "COINCIDIR": "Nokia Lumia 800MULTIPLANES PERSONAS CONTROLADO HSPS PLUS  de 9,99"
  },
  {
    "EQUIPO": "NOKIA X3-02",
    "PLAN": "MULTIPLANES PERSONAS CONTROLADO HSPS PLUS  de 9,99",
    "COINCIDIR": "NOKIA X3-02MULTIPLANES PERSONAS CONTROLADO HSPS PLUS  de 9,99"
  },
  {
    "EQUIPO": "SAMSUNG S3370 ACTON",
    "PLAN": "MULTIPLANES PERSONAS CONTROLADO HSPS PLUS  de 9,99",
    "COINCIDIR": "SAMSUNG S3370 ACTONMULTIPLANES PERSONAS CONTROLADO HSPS PLUS  de 9,99"
  },
  {
    "EQUIPO": "SAMSUNG S5830 ACE",
    "PLAN": "MULTIPLANES PERSONAS CONTROLADO HSPS PLUS  de 9,99",
    "COINCIDIR": "SAMSUNG S5830 ACEMULTIPLANES PERSONAS CONTROLADO HSPS PLUS  de 9,99"
  },
  {
    "EQUIPO": "ALCATEL OT 990",
    "PLAN": "MULTIPLANES PERSONAS CONTROLADO HSPS PLUS  de 14,99",
    "COINCIDIR": "ALCATEL OT 990MULTIPLANES PERSONAS CONTROLADO HSPS PLUS  de 14,99"
  },
  {
    "EQUIPO": "ALCATEL OT 995 ",
    "PLAN": "MULTIPLANES PERSONAS CONTROLADO HSPS PLUS  de 14,99",
    "COINCIDIR": "ALCATEL OT 995 MULTIPLANES PERSONAS CONTROLADO HSPS PLUS  de 14,99"
  },
  {
    "EQUIPO": "BLACKBERRY 9100",
    "PLAN": "MULTIPLANES PERSONAS CONTROLADO HSPS PLUS  de 14,99",
    "COINCIDIR": "BLACKBERRY 9100MULTIPLANES PERSONAS CONTROLADO HSPS PLUS  de 14,99"
  },
  {
    "EQUIPO": "BLACKBERRY 9300",
    "PLAN": "MULTIPLANES PERSONAS CONTROLADO HSPS PLUS  de 14,99",
    "COINCIDIR": "BLACKBERRY 9300MULTIPLANES PERSONAS CONTROLADO HSPS PLUS  de 14,99"
  },
  {
    "EQUIPO": "BLACKBERRY 9320",
    "PLAN": "MULTIPLANES PERSONAS CONTROLADO HSPS PLUS  de 14,99",
    "COINCIDIR": "BLACKBERRY 9320MULTIPLANES PERSONAS CONTROLADO HSPS PLUS  de 14,99"
  },
  {
    "EQUIPO": "BLACKBERRY 9360",
    "PLAN": "MULTIPLANES PERSONAS CONTROLADO HSPS PLUS  de 14,99",
    "COINCIDIR": "BLACKBERRY 9360MULTIPLANES PERSONAS CONTROLADO HSPS PLUS  de 14,99"
  },
  {
    "EQUIPO": "BLACKBERRY 9380",
    "PLAN": "MULTIPLANES PERSONAS CONTROLADO HSPS PLUS  de 14,99",
    "COINCIDIR": "BLACKBERRY 9380MULTIPLANES PERSONAS CONTROLADO HSPS PLUS  de 14,99"
  },
  {
    "EQUIPO": "BLACKBERRY 9780",
    "PLAN": "MULTIPLANES PERSONAS CONTROLADO HSPS PLUS  de 14,99",
    "COINCIDIR": "BLACKBERRY 9780MULTIPLANES PERSONAS CONTROLADO HSPS PLUS  de 14,99"
  },
  {
    "EQUIPO": "BLACKBERRY 9790",
    "PLAN": "MULTIPLANES PERSONAS CONTROLADO HSPS PLUS  de 14,99",
    "COINCIDIR": "BLACKBERRY 9790MULTIPLANES PERSONAS CONTROLADO HSPS PLUS  de 14,99"
  },
  {
    "EQUIPO": "BLACKBERRY 9800 TORCH",
    "PLAN": "MULTIPLANES PERSONAS CONTROLADO HSPS PLUS  de 14,99",
    "COINCIDIR": "BLACKBERRY 9800 TORCHMULTIPLANES PERSONAS CONTROLADO HSPS PLUS  de 14,99"
  },
  {
    "EQUIPO": "BLACKBERRY 9810",
    "PLAN": "MULTIPLANES PERSONAS CONTROLADO HSPS PLUS  de 14,99",
    "COINCIDIR": "BLACKBERRY 9810MULTIPLANES PERSONAS CONTROLADO HSPS PLUS  de 14,99"
  },
  {
    "EQUIPO": "BLACKBERRY 9860",
    "PLAN": "MULTIPLANES PERSONAS CONTROLADO HSPS PLUS  de 14,99",
    "COINCIDIR": "BLACKBERRY 9860MULTIPLANES PERSONAS CONTROLADO HSPS PLUS  de 14,99"
  },
  {
    "EQUIPO": "BLACKBERRY 9900",
    "PLAN": "MULTIPLANES PERSONAS CONTROLADO HSPS PLUS  de 14,99",
    "COINCIDIR": "BLACKBERRY 9900MULTIPLANES PERSONAS CONTROLADO HSPS PLUS  de 14,99"
  },
  {
    "EQUIPO": "HTC INCREDIBLE S",
    "PLAN": "MULTIPLANES PERSONAS CONTROLADO HSPS PLUS  de 14,99",
    "COINCIDIR": "HTC INCREDIBLE SMULTIPLANES PERSONAS CONTROLADO HSPS PLUS  de 14,99"
  },
  {
    "EQUIPO": "HTC STATUS",
    "PLAN": "MULTIPLANES PERSONAS CONTROLADO HSPS PLUS  de 14,99",
    "COINCIDIR": "HTC STATUSMULTIPLANES PERSONAS CONTROLADO HSPS PLUS  de 14,99"
  },
  {
    "EQUIPO": "HUAWEI DISCOVERY D51",
    "PLAN": "MULTIPLANES PERSONAS CONTROLADO HSPS PLUS  de 14,99",
    "COINCIDIR": "HUAWEI DISCOVERY D51MULTIPLANES PERSONAS CONTROLADO HSPS PLUS  de 14,99"
  },
  {
    "EQUIPO": "HUAWEI IDEOS U8150",
    "PLAN": "MULTIPLANES PERSONAS CONTROLADO HSPS PLUS  de 14,99",
    "COINCIDIR": "HUAWEI IDEOS U8150MULTIPLANES PERSONAS CONTROLADO HSPS PLUS  de 14,99"
  },
  {
    "EQUIPO": "HUAWEI U2800",
    "PLAN": "MULTIPLANES PERSONAS CONTROLADO HSPS PLUS  de 14,99",
    "COINCIDIR": "HUAWEI U2800MULTIPLANES PERSONAS CONTROLADO HSPS PLUS  de 14,99"
  },
  {
    "EQUIPO": "NOKIA 300",
    "PLAN": "MULTIPLANES PERSONAS CONTROLADO HSPS PLUS  de 14,99",
    "COINCIDIR": "NOKIA 300MULTIPLANES PERSONAS CONTROLADO HSPS PLUS  de 14,99"
  },
  {
    "EQUIPO": "NOKIA 303",
    "PLAN": "MULTIPLANES PERSONAS CONTROLADO HSPS PLUS  de 14,99",
    "COINCIDIR": "NOKIA 303MULTIPLANES PERSONAS CONTROLADO HSPS PLUS  de 14,99"
  },
  {
    "EQUIPO": "NOKIA 500",
    "PLAN": "MULTIPLANES PERSONAS CONTROLADO HSPS PLUS  de 14,99",
    "COINCIDIR": "NOKIA 500MULTIPLANES PERSONAS CONTROLADO HSPS PLUS  de 14,99"
  },
  {
    "EQUIPO": "NOKIA 7230",
    "PLAN": "MULTIPLANES PERSONAS CONTROLADO HSPS PLUS  de 14,99",
    "COINCIDIR": "NOKIA 7230MULTIPLANES PERSONAS CONTROLADO HSPS PLUS  de 14,99"
  },
  {
    "EQUIPO": "Nokia ASHA 302 ",
    "PLAN": "MULTIPLANES PERSONAS CONTROLADO HSPS PLUS  de 14,99",
    "COINCIDIR": "Nokia ASHA 302 MULTIPLANES PERSONAS CONTROLADO HSPS PLUS  de 14,99"
  },
  {
    "EQUIPO": "Nokia ASHA 311",
    "PLAN": "MULTIPLANES PERSONAS CONTROLADO HSPS PLUS  de 14,99",
    "COINCIDIR": "Nokia ASHA 311MULTIPLANES PERSONAS CONTROLADO HSPS PLUS  de 14,99"
  },
  {
    "EQUIPO": "NOKIA C2-01",
    "PLAN": "MULTIPLANES PERSONAS CONTROLADO HSPS PLUS  de 14,99",
    "COINCIDIR": "NOKIA C2-01MULTIPLANES PERSONAS CONTROLADO HSPS PLUS  de 14,99"
  },
  {
    "EQUIPO": "NOKIA C5-03",
    "PLAN": "MULTIPLANES PERSONAS CONTROLADO HSPS PLUS  de 14,99",
    "COINCIDIR": "NOKIA C5-03MULTIPLANES PERSONAS CONTROLADO HSPS PLUS  de 14,99"
  },
  {
    "EQUIPO": "NOKIA E6-00",
    "PLAN": "MULTIPLANES PERSONAS CONTROLADO HSPS PLUS  de 14,99",
    "COINCIDIR": "NOKIA E6-00MULTIPLANES PERSONAS CONTROLADO HSPS PLUS  de 14,99"
  },
  {
    "EQUIPO": "Nokia Lumia 510 ",
    "PLAN": "MULTIPLANES PERSONAS CONTROLADO HSPS PLUS  de 14,99",
    "COINCIDIR": "Nokia Lumia 510 MULTIPLANES PERSONAS CONTROLADO HSPS PLUS  de 14,99"
  },
  {
    "EQUIPO": "NOKIA LUMIA 610",
    "PLAN": "MULTIPLANES PERSONAS CONTROLADO HSPS PLUS  de 14,99",
    "COINCIDIR": "NOKIA LUMIA 610MULTIPLANES PERSONAS CONTROLADO HSPS PLUS  de 14,99"
  },
  {
    "EQUIPO": "Nokia Lumia 800",
    "PLAN": "MULTIPLANES PERSONAS CONTROLADO HSPS PLUS  de 14,99",
    "COINCIDIR": "Nokia Lumia 800MULTIPLANES PERSONAS CONTROLADO HSPS PLUS  de 14,99"
  },
  {
    "EQUIPO": "NOKIA X3-02",
    "PLAN": "MULTIPLANES PERSONAS CONTROLADO HSPS PLUS  de 14,99",
    "COINCIDIR": "NOKIA X3-02MULTIPLANES PERSONAS CONTROLADO HSPS PLUS  de 14,99"
  },
  {
    "EQUIPO": "SAMSUNG S3370 ACTON",
    "PLAN": "MULTIPLANES PERSONAS CONTROLADO HSPS PLUS  de 14,99",
    "COINCIDIR": "SAMSUNG S3370 ACTONMULTIPLANES PERSONAS CONTROLADO HSPS PLUS  de 14,99"
  },
  {
    "EQUIPO": "SAMSUNG S5830 ACE",
    "PLAN": "MULTIPLANES PERSONAS CONTROLADO HSPS PLUS  de 14,99",
    "COINCIDIR": "SAMSUNG S5830 ACEMULTIPLANES PERSONAS CONTROLADO HSPS PLUS  de 14,99"
  },
  {
    "EQUIPO": "HUAWEI Y360 (NUEVO)",
    "PLAN": "ESPECIAL (PLAN DATOS + VOZ 1) de 19,99",
    "COINCIDIR": "HUAWEI Y360 (NUEVO)ESPECIAL (PLAN DATOS + VOZ 1) de 19,99"
  },
  {
    "EQUIPO": "HUAWEI Y560 (NUEVO)",
    "PLAN": "ESPECIAL (PLAN DATOS + VOZ 1) de 19,99",
    "COINCIDIR": "HUAWEI Y560 (NUEVO)ESPECIAL (PLAN DATOS + VOZ 1) de 19,99"
  }
]