[
  {
    "Unnamed: 0": "",
    "S10 +": "• Pantalla: 6,3\"",
    "Unnamed: 2": "",
    "Unnamed: 3": "• Pantalla: 5,8\"",
    "Unnamed: 4": "",
    "Unnamed: 5": "• Pantalla: 5,46\"",
    "Unnamed: 6": "",
    "J2 Core": "• Pantalla: 5\"",
    "Unnamed: 8": "",
    "J8": "• Pantalla: 6\"",
    "Unnamed: 10": "",
    "A6": "• Pantalla: 6\""
  },
  {
    "Unnamed: 0": "",
    "S10 +": "• Sistema Operat:  Android (Pie) 9",
    "Unnamed: 2": "",
    "Unnamed: 3": "• Sistema Operat:  Android (Pie) 9",
    "Unnamed: 4": "",
    "Unnamed: 5": "• Sistema Operat: Android 7,1,1",
    "Unnamed: 6": "",
    "J2 Core": "• Sistema Operat: Android 8,1",
    "Unnamed: 8": "",
    "J8": "• Sistema Op.: Android 8,0 (Oreo)",
    "Unnamed: 10": "",
    "A6": "• Sistema Op.: Android 8 (Oreo)"
  },
  {
    "Unnamed: 0": "",
    "S10 +": "• Procesador: 8 (Octa Core)",
    "Unnamed: 2": "",
    "Unnamed: 3": "• Procesador: 8 (Octa Core)",
    "Unnamed: 4": "",
    "Unnamed: 5": "• Procesador: 4 (Quad Core)",
    "Unnamed: 6": "",
    "J2 Core": "• Procesador: 4 (Quad Core)",
    "Unnamed: 8": "",
    "J8": "• Procesador: 8 (Octa Core)",
    "Unnamed: 10": "",
    "A6": "• Procesador: 8 (Octa Core)"
  },
  {
    "Unnamed: 0": "",
    "S10 +": "• Cámara Posterior: 12MP+12MP+16MP (w/flash LED)  Frontal: 10MP+8MP",
    "Unnamed: 2": "",
    "Unnamed: 3": "• Cámara Posterior: 12MP+16MP Frontal: 10MP",
    "Unnamed: 4": "",
    "Unnamed: 5": "• Cámara Posterior: 13 MP + FLASH                                                                                                                                                                                                                                                                                                                                                                                                                                                                                                                                                                                                            Frontal:  5MP ",
    "Unnamed: 6": "",
    "J2 Core": "• Cámara Posterior: 8 MP      Frontal:  5 MP ",
    "Unnamed: 8": "",
    "J8": "• Cámara Posterior: Dual 16 + 5      Frontal:  16+Led Flash ",
    "Unnamed: 10": "",
    "A6": "• Cámara Posterior: Dual 16 + 5      Frontal:  24 MP"
  },
  {
    "Unnamed: 0": "",
    "S10 +": "• Memoria Interna: ROM 128 GB / RAM 6 GB",
    "Unnamed: 2": "",
    "Unnamed: 3": "• Memoria Interna: ROM 128 GB / RAM 6 GB",
    "Unnamed: 4": "",
    "Unnamed: 5": "• Memoria Interna: 32 GB",
    "Unnamed: 6": "",
    "J2 Core": "• Memoria Interna: 8 GB",
    "Unnamed: 8": "",
    "J8": "• Memoria Interna: 32 GB",
    "Unnamed: 10": "",
    "A6": "• Memoria Interna: 32 GB"
  },
  {
    "Unnamed: 0": "",
    "S10 +": "• Memoria de Expanción: 512 GB",
    "Unnamed: 2": "",
    "Unnamed: 3": "• Memoria de Expanción: 512 GB",
    "Unnamed: 4": "",
    "Unnamed: 5": "• Memoria de Expanción: 2 TB",
    "Unnamed: 6": "",
    "J2 Core": "• Memoria de Expanción: 256 GB",
    "Unnamed: 8": "",
    "J8": "• Memoria de Expanción: 256 GB",
    "Unnamed: 10": "",
    "A6": "• Memoria de Expanción: 256 GB"
  }
]