[
  {
    "LISTA DE PRECIOS ESPECIAL MASIVO DIRECTO": "",
    "Unnamed: 1": "",
    "Unnamed: 2": "",
    "Unnamed: 3": "",
    "Unnamed: 4": "",
    "Unnamed: 5": "",
    "Unnamed: 6": "",
    "Unnamed: 7": "",
    "Unnamed: 8": "",
    "Unnamed: 9": "",
    "Unnamed: 10": "",
    "Unnamed: 11": "",
    "Unnamed: 12": "",
    "Unnamed: 13": "",
    "Unnamed: 14": ""
  },
  {
    "LISTA DE PRECIOS ESPECIAL MASIVO DIRECTO": "CODIGO SMARTFLEX 15%",
    "Unnamed: 1": "TECN.",
    "Unnamed: 2": "CÓDIGO SAP",
    "Unnamed: 3": "MARCA",
    "Unnamed: 4": "CATEGORÍA",
    "Unnamed: 5": "MODELO",
    "Unnamed: 6": "CODIGO SMARTFLEX 15%",
    "Unnamed: 7": "GAMA",
    "Unnamed: 8": "PREPAGO SIN IVA \n(CONTADO o TARJETA DE CRÉDITO CORRIENTE: 24/0)",
    "Unnamed: 9": "PREPAGO INCL  IVA\n(CONTADO o TARJETA DE CRÉDITO CORRIENTE: 24/0)",
    "Unnamed: 10": "POSPAGO SIN IVA\n(DIFERIDO CNT: HASTA 24/24)",
    "Unnamed: 11": "POSPAGO INCL  IVA\n(DIFERIDO CNT: HASTA 24/24)",
    "Unnamed: 12": "EMPRESAS SIN IVA\n(DIFERIDO CNT: HASTA 24/24)",
    "Unnamed: 13": "EMPRESAS INCL  IVA\n(DIFERIDO CNT: HASTA 24/24)",
    "Unnamed: 14": "OBSERVACION"
  },
  {
    "LISTA DE PRECIOS ESPECIAL MASIVO DIRECTO": 3282,
    "Unnamed: 1": "LTE",
    "Unnamed: 2": "40016783 / 40016784 / 40016785",
    "Unnamed: 3": "INFINIX",
    "Unnamed: 4": "SMARTPHONE",
    "Unnamed: 5": "INFINIX SMART 8 (X6525)",
    "Unnamed: 6": 3282,
    "Unnamed: 7": "BAJA",
    "Unnamed: 8": 97.71300000000001,
    "Unnamed: 9": 112.36995,
    "Unnamed: 10": 97.71300000000001,
    "Unnamed: 11": 112.36995,
    "Unnamed: 12": 97.71300000000001,
    "Unnamed: 13": 112.36995,
    "Unnamed: 14": "OFERTA VIGENTE"
  },
  {
    "LISTA DE PRECIOS ESPECIAL MASIVO DIRECTO": 3305,
    "Unnamed: 1": "LTE",
    "Unnamed: 2": "40016812/ 40016813 ",
    "Unnamed: 3": "TCL",
    "Unnamed: 4": "SMARTPHONE",
    "Unnamed: 5": "TCL 40 NXTPAPER (T612B)",
    "Unnamed: 6": 3305,
    "Unnamed: 7": "BAJA",
    "Unnamed: 8": 195.162,
    "Unnamed: 9": 224.4363,
    "Unnamed: 10": 195.162,
    "Unnamed: 11": 224.4363,
    "Unnamed: 12": 195.162,
    "Unnamed: 13": 224.4363,
    "Unnamed: 14": "OFERTA VIGENTE"
  },
  {
    "LISTA DE PRECIOS ESPECIAL MASIVO DIRECTO": 3314,
    "Unnamed: 1": "LTE",
    "Unnamed: 2": "40017237 / 40017238 / 40017239",
    "Unnamed: 3": "INFINIX",
    "Unnamed: 4": "SMARTPHONE",
    "Unnamed: 5": "INFINIX HOT 50 PRO (X6881)",
    "Unnamed: 6": 3314,
    "Unnamed: 7": "MEDIA",
    "Unnamed: 8": 213.202,
    "Unnamed: 9": 245.18229999999997,
    "Unnamed: 10": 213.202,
    "Unnamed: 11": 245.18229999999997,
    "Unnamed: 12": 213.202,
    "Unnamed: 13": 245.18229999999997,
    "Unnamed: 14": "OFERTA VIGENTE"
  }
]